<?xml version="1.0" encoding="UTF-8" ?>
<parameters>
					<parameter name="randomSeed" displayName="Default Random Seed" type="int" 
						defaultValue="__NULL__"
						isReadOnly="false" 
						converter="repast.simphony.parameter.StringConverterFactory$IntConverter"
									
		/>
				<parameter name="startNumNodes" displayName="Initial number of nodes" type="int" 
						defaultValue="10" 
						isReadOnly="false" 
						converter="repast.simphony.parameter.StringConverterFactory$IntConverter"
									
		/>
				<parameter name="probOfEventAdd" displayName="Probability of generate a value [0 - 1000]" type="int" 
						defaultValue="800" 
						isReadOnly="false" 
						converter="repast.simphony.parameter.StringConverterFactory$IntConverter"
									
		/>
				<parameter name="probOfNodeGeneration" displayName="Node Creation [1- 1000]" type="int" 
						defaultValue="500" 
						isReadOnly="false" 
						converter="repast.simphony.parameter.StringConverterFactory$IntConverter"
									
		/>
				<parameter name="probOfLeaving" displayName="Leaving [0 - 1000]" type="int" 
						defaultValue="500" 
						isReadOnly="false" 
						converter="repast.simphony.parameter.StringConverterFactory$IntConverter"
									
		/>
				<parameter name="probOfEventContains" displayName="Probability for checking a value [0 - 1000]" type="int" 
						defaultValue="800" 
						isReadOnly="false" 
						converter="repast.simphony.parameter.StringConverterFactory$IntConverter"
									
		/>
				<parameter name="resetCount" displayName="Reset DHT" type="int" 
						defaultValue="2000" 
						isReadOnly="false" 
						converter="repast.simphony.parameter.StringConverterFactory$IntConverter"
									
		/>
				<parameter name="probOfEventGet" displayName="Probability of getting values [0 - 1000]" type="int" 
						defaultValue="800" 
						isReadOnly="false" 
						converter="repast.simphony.parameter.StringConverterFactory$IntConverter"
									
		/>
				<parameter name="probOfEventRemove" displayName="Probability of remove a value [0 - 1000]" type="int" 
						defaultValue="800" 
						isReadOnly="false" 
						converter="repast.simphony.parameter.StringConverterFactory$IntConverter"
									
		/>
				<parameter name="m" displayName="Bits" type="int" 
						defaultValue="5" 
						isReadOnly="false" 
						converter="repast.simphony.parameter.StringConverterFactory$IntConverter"
									
		/>
				<parameter name="howManyEvents" displayName="How Many Events" type="int" 
						defaultValue="2" 
						isReadOnly="false" 
						converter="repast.simphony.parameter.StringConverterFactory$IntConverter"
									
		/>
		</parameters>


