<?xml version="1.0" encoding="UTF-8" ?>
<parameters>
					<parameter name="randomSeed" displayName="Default Random Seed" type="int" 
						defaultValue="__NULL__"
						isReadOnly="false" 
						converter="repast.simphony.parameter.StringConverterFactory$IntConverter"
									
		/>
				<parameter name="probabilityOfGenerateAnEvent" displayName="Prob Event Generation [0 - 1000]" type="int" 
						defaultValue="10" 
						isReadOnly="false" 
						converter="repast.simphony.parameter.StringConverterFactory$IntConverter"
									
		/>
				<parameter name="nodes" displayName="Number Of Nodes" type="int" 
						defaultValue="50" 
						isReadOnly="false" 
						converter="repast.simphony.parameter.StringConverterFactory$IntConverter"
									
		/>
				<parameter name="fanout" displayName="Fanout Size" type="int" 
						defaultValue="3" 
						isReadOnly="false" 
						converter="repast.simphony.parameter.StringConverterFactory$IntConverter"
									
		/>
				<parameter name="min_subs" displayName="Min number of Subscribers" type="int" 
						defaultValue="30" 
						isReadOnly="false" 
						converter="repast.simphony.parameter.StringConverterFactory$IntConverter"
									
		/>
				<parameter name="probOfCommunicationSuccess" displayName="Prob Communication Success [0 - 1000]" type="int" 
						defaultValue="1000" 
						isReadOnly="false" 
						converter="repast.simphony.parameter.StringConverterFactory$IntConverter"
									
		/>
				<parameter name="probOfChangeTopology" displayName="Prob of Change Topology [0 - 1000]" type="int" 
						defaultValue="5" 
						isReadOnly="false" 
						converter="repast.simphony.parameter.StringConverterFactory$IntConverter"
									
		/>
				<parameter name="timetolive" displayName="Age of Messages" type="int" 
						defaultValue="3" 
						isReadOnly="false" 
						converter="repast.simphony.parameter.StringConverterFactory$IntConverter"
									
		/>
				<parameter name="maxEventsGeneration" displayName="How many events at most per tick" type="int" 
						defaultValue="1" 
						isReadOnly="false" 
						converter="repast.simphony.parameter.StringConverterFactory$IntConverter"
									
		/>
		</parameters>


