<repast.simphony.data2.engine.DataSetDescriptor simphonyVersion="2.7.0">
  <name>RetrieveMessage</name>
  <type>AGGREGATE</type>
  <inclTick>true</inclTick>
  <inclBatchRun>false</inclBatchRun>
  <inclRandomSeed>false</inclRandomSeed>
  <scheduleParams>
    <start>1.0</start>
    <interval>1.0</interval>
    <priority>-Infinity</priority>
    <pType>LAST</pType>
    <duration>-1.0</duration>
    <frequency>REPEAT</frequency>
    <hashCode>-920533086</hashCode>
  </scheduleParams>
  <atEnd>false</atEnd>
  <methodDataSources class="linked-hash-map">
    <entry>
      <string>RetrieveMessages</string>
      <repast.simphony.data2.engine.MethodDataSourceDefinition>
        <id>RetrieveMessages</id>
        <className>lPBCast.Node</className>
        <methodName>getRetrieverMessages</methodName>
        <aggType>SUM</aggType>
      </repast.simphony.data2.engine.MethodDataSourceDefinition>
    </entry>
    <entry>
      <string>EventsInNetwork</string>
      <repast.simphony.data2.engine.MethodDataSourceDefinition>
        <id>EventsInNetwork</id>
        <className>lPBCast.Node</className>
        <methodName>getEventsInNet</methodName>
        <aggType>SUM</aggType>
      </repast.simphony.data2.engine.MethodDataSourceDefinition>
    </entry>
  </methodDataSources>
  <countSources class="linked-hash-map"/>
  <customNADataSources class="linked-hash-map"/>
  <customAggDataSources class="linked-hash-map"/>
</repast.simphony.data2.engine.DataSetDescriptor>