<?xml version="1.0" encoding="UTF-8" ?>
<Scenario simphonyVersion="2.7.0">
<repast.simphony.action.data_set context="LPBCast" file="repast.simphony.action.data_set_0.xml" />
<repast.simphony.action.data_set context="LPBCast" file="repast.simphony.action.data_set_1.xml" />
<repast.simphony.action.data_set context="LPBCast" file="repast.simphony.action.data_set_2.xml" />
<repast.simphony.action.file_sink context="LPBCast" file="repast.simphony.action.file_sink_3.xml" />
<repast.simphony.dataLoader.engine.ClassNameDataLoaderAction context="LPBCast" file="repast.simphony.dataLoader.engine.ClassNameDataLoaderAction_4.xml" />
<repast.simphony.action.time_series_chart context="LPBCast" file="repast.simphony.action.time_series_chart_5.xml" />
<repast.simphony.action.time_series_chart context="LPBCast" file="repast.simphony.action.time_series_chart_6.xml" />
<repast.simphony.action.display context="LPBCast" file="repast.simphony.action.display_7.xml" />
</Scenario>