<context id="DS2_Assignment_1" xmlns:xsi="http://www.w3.org/2001/XMLSchema-instance" xsi:noNamespaceSchemaLocation="http://repast.org/scenario/context">
	<projection type="continuous space" id="space"></projection>
	<projection type="grid" id="grid"></projection>
	<projection type="network" id="network"></projection>
	<projection type="network" id="network_messages"></projection>
	<projection type="network" id="network_retrive"></projection>
	<projection type="network" id="network_sub"></projection>
	<projection type="network" id="network_view"></projection>

</context>
