<?xml version="1.0" encoding="UTF-8" ?>
<parameters>
		<parameter name="sub_probability" displayName="Sub probability" type="float" 
		defaultValue="0.05" 
		isReadOnly="false" 
		converter="repast.simphony.parameter.StringConverterFactory$FloatConverter"/>
		
		<parameter name="gen_message" displayName="Probability of generate a message" type="float" 
		defaultValue="0.05" 
		isReadOnly="false" 
		converter="repast.simphony.parameter.StringConverterFactory$FloatConverter"/>
				
		<parameter name="retrieve_source" displayName="Round to wait before ask" type="int" 
		defaultValue="5"
		isReadOnly="false" 
		converter="repast.simphony.parameter.StringConverterFactory$IntConverter"/>

		<parameter name="max_messagges" displayName="Max messagges" type="int" 
		defaultValue="200" 
		isReadOnly="false" 
		converter="repast.simphony.parameter.StringConverterFactory$IntConverter"/>
		
		<parameter name="retrieve_rounds" displayName="rounds to wait before retrieve" type="int" 
		defaultValue="5"
		isReadOnly="false" 
		converter="repast.simphony.parameter.StringConverterFactory$IntConverter"/>

		<parameter name="gossip_neigh" displayName="gossip neighbors" type="int" 
		defaultValue="2" 
		isReadOnly="false" 
		converter="repast.simphony.parameter.StringConverterFactory$IntConverter"/>
		
		<parameter name="unsub_prob" displayName="Unsub probability" type="float" 
		defaultValue="0.01" 
		isReadOnly="false" 
		converter="repast.simphony.parameter.StringConverterFactory$FloatConverter"/>
		
		<parameter name="randomSeed" displayName="Random seed" type="int" 
		defaultValue="0" 
		isReadOnly="false" 
		converter="repast.simphony.parameter.StringConverterFactory$IntConverter"/>
		
		<parameter name="sub_length" displayName="sub length" type="int" 
		defaultValue="15" 
		isReadOnly="false" 
		converter="repast.simphony.parameter.StringConverterFactory$IntConverter"/>
		
		<parameter name="association_probability" displayName="Association probability" type="float" 
		defaultValue="0.8" 
		isReadOnly="false" 
		converter="repast.simphony.parameter.StringConverterFactory$FloatConverter"	/>
		
		<parameter name="nodes" displayName="#Nodes" type="int" 
		defaultValue="10" 
		isReadOnly="false" 
		converter="repast.simphony.parameter.StringConverterFactory$IntConverter" />
		
		<parameter name="view_length" displayName="view_length" type="int" 
		defaultValue="5" 
		isReadOnly="false" 
		converter="repast.simphony.parameter.StringConverterFactory$IntConverter" />
		
		<parameter name="failing_prob" displayName="Node fail probability" type="float" 
		defaultValue="0.01" 
		isReadOnly="false" 
		converter="repast.simphony.parameter.StringConverterFactory$FloatConverter"/>

		<parameter name="lose_msg_prob" displayName="Message lost probability" type="float" 
		defaultValue="0.05" 
		isReadOnly="false" 
		converter="repast.simphony.parameter.StringConverterFactory$FloatConverter"	/>
</parameters>


