<repast.simphony.visualization.engine.CartesianDisplayDescriptor simphonyVersion="2.7.0">
  <name>View Display</name>
  <type>2D</type>
  <styles>
    <entry>
      <string>DS2_Assignment_1.Node</string>
      <string>DS2_Assignment_1.NodeStyle</string>
    </entry>
  </styles>
  <editedStyles>
    <entry>
      <string>DS2_Assignment_1.Node</string>
      <null/>
    </entry>
  </editedStyles>
  <netStyles>
    <entry>
      <string>network_view</string>
      <string>DS2_Assignment_1.Network_viewStyle</string>
    </entry>
  </netStyles>
  <editedNetStyles>
    <entry>
      <string>network_view</string>
      <null/>
    </entry>
  </editedNetStyles>
  <frequency>ON_MOVE</frequency>
  <schedParams>
    <start>1.0</start>
    <interval>1.0</interval>
    <priority>-Infinity</priority>
    <pType>LAST</pType>
    <duration>-1.0</duration>
    <frequency>REPEAT</frequency>
    <hashCode>-1933039749</hashCode>
  </schedParams>
  <layoutClassName>foo.bar.baz</layoutClassName>
  <layoutProjection>space</layoutProjection>
  <layoutInterval>0</layoutInterval>
  <layerOrder>
    <entry>
      <string>DS2_Assignment_1.Node</string>
      <int>0</int>
    </entry>
  </layerOrder>
  <projections>
    <repast.simphony.scenario.data.ProjectionData>
      <id>space</id>
      <attributes/>
      <type>continuous space</type>
    </repast.simphony.scenario.data.ProjectionData>
    <repast.simphony.scenario.data.ProjectionData>
      <id>network_view</id>
      <attributes/>
      <type>network</type>
    </repast.simphony.scenario.data.ProjectionData>
  </projections>
  <visualizationProperties class="repast.simphony.visualization.UnitSizeLayoutProperties">
    <unitSize>30.0</unitSize>
  </visualizationProperties>
  <projectionDescriptors>
    <entry>
      <string>network_view</string>
      <repast.simphony.visualization.engine.DefaultProjectionDescriptor>
        <proj reference="../../../../projections/repast.simphony.scenario.data.ProjectionData[2]"/>
        <props/>
      </repast.simphony.visualization.engine.DefaultProjectionDescriptor>
    </entry>
    <entry>
      <string>space</string>
      <repast.simphony.visualization.continuous.ContinuousProjectionDescriptor>
        <proj reference="../../../../projections/repast.simphony.scenario.data.ProjectionData"/>
        <props>
          <entry>
            <string>repast.simphony.visualization.continuous.ContinuousDecorator</string>
            <map>
              <entry>
                <string>COLOR</string>
                <int>-16777216</int>
              </entry>
              <entry>
                <string>UNIT_SIZE</string>
                <float>30.0</float>
              </entry>
              <entry>
                <string>SHOW</string>
                <boolean>true</boolean>
              </entry>
            </map>
          </entry>
        </props>
      </repast.simphony.visualization.continuous.ContinuousProjectionDescriptor>
    </entry>
  </projectionDescriptors>
  <props/>
  <backgroundColor>
    <red>255</red>
    <green>255</green>
    <blue>255</blue>
    <alpha>255</alpha>
  </backgroundColor>
  <valueLayers/>
</repast.simphony.visualization.engine.CartesianDisplayDescriptor>