<?xml version="1.0" ?><sweep runs="1"><parameter name="sub_probability" type="constant" constant_type="float" value="0.0"></parameter><parameter name="max_messagges" type="constant" constant_type="int" value="1000000000"></parameter><parameter name="retrieve_source" type="constant" constant_type="int" value="5"></parameter><parameter name="retrieve_rounds" type="constant" constant_type="int" value="5"></parameter><parameter name="gossip_neigh" type="constant" constant_type="int" value="5"></parameter><parameter name="unsub_prob" type="constant" constant_type="float" value="0.0"></parameter><parameter name="sub_length" type="constant" constant_type="int" value="1000"></parameter><parameter name="association_probability" type="constant" constant_type="float" value="0.8"></parameter><parameter name="failing_prob" type="constant" constant_type="float" value="0.0"></parameter><parameter name="gossip_interval" type="constant" constant_type="int" value="2000"></parameter><parameter name="lose_msg_prob" type="constant" constant_type="float" value="0.0"></parameter><parameter name="nodes" type="list" value_type="int" values="20 30 40 50 60 70 80 90 100 110 120 130 140 150"><parameter name="view_length" type="list" value_type="int" values="10"></parameter></parameter></sweep>